"Transaction Hash","Blockno","UnixTimestamp","DateTime (UTC)","From","To","Token_ID","Method"
"0xab547214e7eb77054a504239cce1b90374c73b1394d8cebb2eb1c35a246f54ad","8915893","1754370444","2025-08-05 05:07:24","0x0000000000000000000000000000000000000000","0x16d3acbd38aa841db2da166041e99c9d3cb98750","1", "0x00121213"
"0x5d3f18744a4e99a5abb1c622366d0c0d4648a2cd55a6e3b86c412d5ed26a0548","8915925","1754370828","2025-08-05 05:13:48","0x0000000000000000000000000000000000000000","0x16d3acbd38aa841db2da166041e99c9d3cb98750","2", "0x00121213"
"0xae8adaf318424743db077933c41a9f90865685c08392874321e97280abfe3523","8915942","1754371032","2025-08-05 05:17:12","0x0000000000000000000000000000000000000000","0x16d3acbd38aa841db2da166041e99c9d3cb98750","3", "0x00121213"
"0x48ddf06d576e6a5d74a93356d907f601b80958adea62a5d881e3a96b6e9b319b","8917282","1754387184","2025-08-05 09:46:24","0x0000000000000000000000000000000000000000","0xda46a64ab8c6beda14677c49d2bdd0fc4bf7b72d","4", "0x00121213"
"0x5bbe2884feda571cf20d34a77acd04edc5a1a82071cb5b4872cef92f5273e625","8917383","1754388396","2025-08-05 10:06:36","0x0000000000000000000000000000000000000000","0xda46a64ab8c6beda14677c49d2bdd0fc4bf7b72d","5", "0x00121213"
"0x3ac6b6e90fbd955a54cacf602e882828b0653c6d59a3ad7b28c4f85416a23ad5","8917430","1754388960","2025-08-05 10:16:00","0x0000000000000000000000000000000000000000","0xda46a64ab8c6beda14677c49d2bdd0fc4bf7b72d","6", "0x00121213"
"0xb0a4849ca06ba02c755fde84f02a4a0fdf97a3697f945d3822a09464667b038a","8917450","1754389200","2025-08-05 10:20:00","0x0000000000000000000000000000000000000000","0xda46a64ab8c6beda14677c49d2bdd0fc4bf7b72d","7", "0x00121213"
"0x355c721b49042d0e3703faccecb98a38fdae8a70ac94208602f1cb63bb281a8c","8917510","1754389920","2025-08-05 10:32:00","0x0000000000000000000000000000000000000000","0xda46a64ab8c6beda14677c49d2bdd0fc4bf7b72d","8", "0x00121213"
"0xc488ed9d6cec5e352c746febd6095a0858704242989067bb856d2c38e799f435","8917533","1754390196","2025-08-05 10:36:36","0x0000000000000000000000000000000000000000","0xda46a64ab8c6beda14677c49d2bdd0fc4bf7b72d","9", "0x00121213"
"0xf4044636c9b4868609cd03aa32d6f9cf36e1c67c3a191e2d741e3da618a0e99d","8917563","1754390556","2025-08-05 10:42:36","0x0000000000000000000000000000000000000000","0xda46a64ab8c6beda14677c49d2bdd0fc4bf7b72d","10", "0x00121213"
"0xc610ff50a7fbe0f45268abd397c32efb0ca335a948ebf07580ba2e65cb0f35b5","8917583","1754390796","2025-08-05 10:46:36","0x0000000000000000000000000000000000000000","0xda46a64ab8c6beda14677c49d2bdd0fc4bf7b72d","11", "0x00121213"
"0xc86125a90d7ad954f003d36135f2d9c302cdca827499da450c6162371552c56e","8923142","1754457828","2025-08-06 05:23:48","0xda46a64ab8c6beda14677c49d2bdd0fc4bf7b72d","0x16d3acbd38aa841db2da166041e99c9d3cb98750","11", "Buy NFT"
"0x38b698ed3e3f974182dba8b955bb6a383cb586958f0b8ac69d2fc4f8a185fac9","8923194","1754458452","2025-08-06 05:34:12","0x0000000000000000000000000000000000000000","0x16d3acbd38aa841db2da166041e99c9d3cb98750","12", "0x00121213"
"0xce2e4e5d64d12547d128c73d092899689c109dacb183e9a2ca7de216d24d1e8b","8923203","1754458560","2025-08-06 05:36:00","0x16d3acbd38aa841db2da166041e99c9d3cb98750","0xda46a64ab8c6beda14677c49d2bdd0fc4bf7b72d","12", "Buy NFT"
"0xbf226d887207769cd79f246fa8b4aa364816deb8c1f146793e18fc9e0fcb6f19","8923325","1754460024","2025-08-06 06:00:24","0x0000000000000000000000000000000000000000","0xda46a64ab8c6beda14677c49d2bdd0fc4bf7b72d","13", "0x00121213"
"0xb2084312057c04b5a79177e58125ed0b6cd9d090db74657b5e660340e3076144","8923615","1754463504","2025-08-06 06:58:24","0xda46a64ab8c6beda14677c49d2bdd0fc4bf7b72d","0x16d3acbd38aa841db2da166041e99c9d3cb98750","13", "Buy NFT"
"0x12a9028a4821f7cb8866b25226ed36a399dafa63be49c51698628193c7e8860e","8925422","1754485296","2025-08-06 13:01:36","0x0000000000000000000000000000000000000000","0xda46a64ab8c6beda14677c49d2bdd0fc4bf7b72d","14", "0x00121213"
"0x98f42146e36c89e046bd6212f81db0337862c71dbfaf59ecd396a250c0843258","8932223","1754567292","2025-08-07 11:48:12","0xda46a64ab8c6beda14677c49d2bdd0fc4bf7b72d","0x16d3acbd38aa841db2da166041e99c9d3cb98750","14", "Buy NFT"
"0x93cb1756051940d311af944a3e2618062c17b3450b0ad92057aa28a5a5788d09","8939582","1754655984","2025-08-08 12:26:24","0x0000000000000000000000000000000000000000","0x16d3acbd38aa841db2da166041e99c9d3cb98750","15", "0x00121213"
"0xfa0a5274e5931881050970f3a708e783eb97ef6f4e62752284b2c3b8fe2104c5","8956138","1754855616","2025-08-10 19:53:36","0x0000000000000000000000000000000000000000","0x16d3acbd38aa841db2da166041e99c9d3cb98750","16", "0x00121213"
"0xa69e3a9d798f502c8e941172766e4a4e69cee38c52f82e3f151f33d98b141a63","8956525","1754860260","2025-08-10 21:11:00","0x16d3acbd38aa841db2da166041e99c9d3cb98750","0xda46a64ab8c6beda14677c49d2bdd0fc4bf7b72d","15", "Buy NFT"
"0x51bd1b6965ad38c6039a8f72e267e196d575be80f4c16158efadf835a3ba1b06","8959089","1754891088","2025-08-11 05:44:48","0x0000000000000000000000000000000000000000","0xda46a64ab8c6beda14677c49d2bdd0fc4bf7b72d","17", "0x00121213"
"0x03ba477c35e4da95470647523cb7be58954e420733b113174fb97b6878cfdb9b","8959101","1754891232","2025-08-11 05:47:12","0x0000000000000000000000000000000000000000","0x16d3acbd38aa841db2da166041e99c9d3cb98750","18", "0x00121213"
"0x3cc2eba5b26546c4012f4948b92e0cd7f1916babf01b1e9c8b60a8bd3785c699","8959325","1754893932","2025-08-11 06:32:12","0x0000000000000000000000000000000000000000","0x16d3acbd38aa841db2da166041e99c9d3cb98750","19", "0x00121213"
"0x7790c862967f148423765b5eed50f09857f81a125230ffcbcea817eb97d915d9","8959341","1754894124","2025-08-11 06:35:24","0x0000000000000000000000000000000000000000","0xda46a64ab8c6beda14677c49d2bdd0fc4bf7b72d","20", "0x00121213"
"0x5d5069d0a5662698d69500952053523eb657f110a6b424e285b46856364770ae","8959358","1754894328","2025-08-11 06:38:48","0x0000000000000000000000000000000000000000","0x2413efa965a3c9103b72a152da7426cae7d7bea6","21", "0x00121213"
"0x0f884d08c3bb366c7c9abadfabf0fb684e017f2ea4553f4d0c79df8f0b18f070","8959371","1754894484","2025-08-11 06:41:24","0x0000000000000000000000000000000000000000","0xac096b77f5ce4b2e97e2c0592d71d46083b2df73","22", "0x00121213"
"0x92ed806a5e72a8e1938400252bc88324418b8a66a5d54b3da285e843f5385faf","8959390","1754894712","2025-08-11 06:45:12","0x0000000000000000000000000000000000000000","0xac096b77f5ce4b2e97e2c0592d71d46083b2df73","23", "0x00121213"
"0xd6df8db6f9801d3d8f1ec696a7f7f595bbd3102d07264c5b8a9cd8f7a040a9c4","8959408","1754894928","2025-08-11 06:48:48","0x0000000000000000000000000000000000000000","0xda46a64ab8c6beda14677c49d2bdd0fc4bf7b72d","24", "0x00121213"
"0xb74b7cc0dff14ec950170c3c6a3e80b09e4da22e16f77faf7db3e4432c952c67","8959415","1754895012","2025-08-11 06:50:12","0x0000000000000000000000000000000000000000","0x2413efa965a3c9103b72a152da7426cae7d7bea6","25", "0x00121213"
"0x9244a98f27e5915f648240534799a9bab718f0eb65c8a50aefcbb334643cb48e","8959426","1754895144","2025-08-11 06:52:24","0x0000000000000000000000000000000000000000","0x16d3acbd38aa841db2da166041e99c9d3cb98750","26", "0x00121213"
"0x1e83dc9beb2331242713114a73c352ebeedb679d0907e54850dfb60922570c4e","8959442","1754895336","2025-08-11 06:55:36","0x0000000000000000000000000000000000000000","0xac096b77f5ce4b2e97e2c0592d71d46083b2df73","27", "0x00121213"
"0xcf61c3ad82be2512e428910570aff911d873a4bcf85c7c075666ab72fd041eca","8959457","1754895516","2025-08-11 06:58:36","0x0000000000000000000000000000000000000000","0xda46a64ab8c6beda14677c49d2bdd0fc4bf7b72d","28", "0x00121213"
"0x14dcfa563946d5571cb79043c9a86e8e6ff46e8dc3124f98f2cb4317ae9e2987","8959465","1754895612","2025-08-11 07:00:12","0x0000000000000000000000000000000000000000","0x2413efa965a3c9103b72a152da7426cae7d7bea6","29", "0x00121213"
"0x81b36d449e1daf50ecab982bb8e4b54720de33b45a9020e36243b3e7fbcceab1","8959477","1754895756","2025-08-11 07:02:36","0x0000000000000000000000000000000000000000","0x16d3acbd38aa841db2da166041e99c9d3cb98750","30", "0x00121213"
"0x5f110ec18edaa998206883e62f92a99f76d1eeb6720be4ad47f36bd842c085b3","8959485","1754895852","2025-08-11 07:04:12","0x0000000000000000000000000000000000000000","0xac096b77f5ce4b2e97e2c0592d71d46083b2df73","31", "0x00121213"
"0x8946cdd7ef474d6aeb4aa5295d3171e89599e3ed5407a1690cc82c414af75c56","8959496","1754895984","2025-08-11 07:06:24","0x0000000000000000000000000000000000000000","0xda46a64ab8c6beda14677c49d2bdd0fc4bf7b72d","32", "0x00121213"
"0xecff0bf76a16174db6e2f5decc6c6d24fc22692c0766f9abc133a7aba8a817c9","8959507","1754896116","2025-08-11 07:08:36","0x0000000000000000000000000000000000000000","0x2413efa965a3c9103b72a152da7426cae7d7bea6","33", "0x00121213"
"0x81c96b933c8a54b7e1a163bfa28aa2a4f91a8d1eb30489fe8d8d5434bda2d330","8959523","1754896308","2025-08-11 07:11:48","0x0000000000000000000000000000000000000000","0x16d3acbd38aa841db2da166041e99c9d3cb98750","34", "0x00121213"
"0x87712d03fcae7364c67052562ba2ac4c10391a4cd3c99ce5cd7bec648a0d760a","8959540","1754896512","2025-08-11 07:15:12","0x0000000000000000000000000000000000000000","0xac096b77f5ce4b2e97e2c0592d71d46083b2df73","35", "0x00121213"
"0x0e24ffb390c01b61af92ed55262aedb6a3353fc001da1174a66135a68ac7fd1b","8959551","1754896644","2025-08-11 07:17:24","0x0000000000000000000000000000000000000000","0xda46a64ab8c6beda14677c49d2bdd0fc4bf7b72d","36", "0x00121213"
"0xe555f1d2fae19c0166d7c57e136fb6a532d1f19b364798fe02c6b3a552a6ba1e","8959562","1754896776","2025-08-11 07:19:36","0x0000000000000000000000000000000000000000","0x2413efa965a3c9103b72a152da7426cae7d7bea6","37", "0x00121213"
"0x1ba96c00b111e174409f9c9f733f1802715c6557a25e6632971e09c2b63eb980","8959574","1754896920","2025-08-11 07:22:00","0x0000000000000000000000000000000000000000","0xac096b77f5ce4b2e97e2c0592d71d46083b2df73","38", "0x00121213"
"0xe524ca0b24a97d1f276706217c88fbb5b314e61dc5561f46dd06adf2ba65c2c5","8959584","1754897040","2025-08-11 07:24:00","0x0000000000000000000000000000000000000000","0xda46a64ab8c6beda14677c49d2bdd0fc4bf7b72d","39", "0x00121213"
"0xcce0a5568fa088e068063579b23346205d1489852bb292c833adc63c3d61e532","8959597","1754897196","2025-08-11 07:26:36","0x0000000000000000000000000000000000000000","0x2413efa965a3c9103b72a152da7426cae7d7bea6","40", "0x00121213"
"0xafa3e120571d1c3b1b95445c5ab30024bdde9cd8f86f13c1740cfa37a81417ac","8959608","1754897328","2025-08-11 07:28:48","0x0000000000000000000000000000000000000000","0x16d3acbd38aa841db2da166041e99c9d3cb98750","41", "0x00121213"
"0xb357003ce9b4d6d9136e8ea2f59cf4355cead728a0287129631abcfdec28ec9f","8959626","1754897544","2025-08-11 07:32:24","0x0000000000000000000000000000000000000000","0xac096b77f5ce4b2e97e2c0592d71d46083b2df73","42", "0x00121213"
"0xd0661cd24bb6a2aeac78f86d168dbf5d2ee4d6072e89ade72a3a4cc5331114d9","8959639","1754897700","2025-08-11 07:35:00","0x0000000000000000000000000000000000000000","0xda46a64ab8c6beda14677c49d2bdd0fc4bf7b72d","43", "0x00121213"
"0xe12d0fd2419bd84e9addeb233e6d3d5bafcc7fe08afac974065dafca94bd42e4","8959666","1754898024","2025-08-11 07:40:24","0x0000000000000000000000000000000000000000","0x2413efa965a3c9103b72a152da7426cae7d7bea6","44", "0x00121213"
"0xb1bbe23bfa51db542089046f57606e04bc28971896628160e6865db3166b2faa","8959692","1754898336","2025-08-11 07:45:36","0x0000000000000000000000000000000000000000","0x16d3acbd38aa841db2da166041e99c9d3cb98750","45", "0x00121213"
"0xf2ea8e66a9035e1d38a7fb631f3b7285e3e00e992e9abf747376d61351ff8d5e","8959718","1754898648","2025-08-11 07:50:48","0x0000000000000000000000000000000000000000","0xac096b77f5ce4b2e97e2c0592d71d46083b2df73","46", "0x00121213"
"0x684265749bf21496efd5a20106eeca057d0f1d619758794df79d631f8d057496","9226355","1758169188","2025-09-18 04:19:48","0x0000000000000000000000000000000000000000","0xda46a64ab8c6beda14677c49d2bdd0fc4bf7b72d","47", "0x00121213"
"0xe4b76d410b17bc946b2ba1fff593b4a16caa60a6545a5b06314b76205a09a579","9234711","1758276864","2025-09-19 10:14:24","0x0000000000000000000000000000000000000000","0xda46a64ab8c6beda14677c49d2bdd0fc4bf7b72d","48", "0x00121213"
"0xc25327d6c4fb1f1100daa136fb9118b7e275d8aee7f2ca3849480fc820d8f31e","9234924","1758279564","2025-09-19 10:59:24","0x0000000000000000000000000000000000000000","0xda46a64ab8c6beda14677c49d2bdd0fc4bf7b72d","49", "0x00121213"
"0x89614d10411ef804ea739612b6e065c9350b4c350dff932428ab510e2296c5c8","9304605","1759139508","2025-09-29 09:51:48","0x2413efa965a3c9103b72a152da7426cae7d7bea6","0xd8639d93c5eeb7b08ca013b969499c2d8e1c1abf","33", "Buy NFT"
"0x15eed8720bda6a9a12c04e42f013d13799d4bc2608ee7cd1d4173f43e6ee1ffd","9304694","1759140600","2025-09-29 10:10:00","0xd8639d93c5eeb7b08ca013b969499c2d8e1c1abf","0xda46a64ab8c6beda14677c49d2bdd0fc4bf7b72d","33", "Transfer From"
"0xe9eabe886864d525d489eac53a0e2c017ec8c884d2853580303b29af8a484b54","9304836","1759142304","2025-09-29 10:38:24","0x0000000000000000000000000000000000000000","0x16d3acbd38aa841db2da166041e99c9d3cb98750","50", "0x00121213"
"0x9e9c9438d216f8ff56b4c0984c6ad2f8de8c4cbe261ec0b5dc1e1357253e1a67","9304883","1759142868","2025-09-29 10:47:48","0x16d3acbd38aa841db2da166041e99c9d3cb98750","0x8b22ad6dea087968844f9fb001285a1dfaba9fcc","50", "Buy NFT"
"0x5023a59a69309b6ceadb815b53cedac7d8e535e95711ac0afdfdfeb54fe0212e","9310556","1759211448","2025-09-30 05:50:48","0x0000000000000000000000000000000000000000","0xda46a64ab8c6beda14677c49d2bdd0fc4bf7b72d","51", "0x00121213"
"0xded51e616bd1b129117ecbb6244bac12004a6e98661d81e16e4f49174e9603ba","9310562","1759211520","2025-09-30 05:52:00","0xda46a64ab8c6beda14677c49d2bdd0fc4bf7b72d","0x16d3acbd38aa841db2da166041e99c9d3cb98750","51", "Buy NFT"
